cid,recipe,slot,name,dim,base,ex
主键(菜谱id*10+槽位),菜谱id,槽位(1-4),候选名,效果维度,基础效果文案,EX升级后效果文案
int,int,int,str,str,str,str
0,0,0,1,0,1,1
自选特技候选,
1,0,1,利落快手,耗时,耗时 -10%,耗时 -15%
2,0,2,扎实,体力,进食 体力 +15%,进食 体力 +23%
3,0,3,亲近,好感,好感 +15%,好感 +23%
4,0,4,掩味巧手,掩味,被拒时反感 -65%；吃下时反感 -15,被拒时反感 -80%；吃下时反感 -23
11,1,1,猛火快手,耗时,耗时 -10%,耗时 -15%
12,1,2,扎实,体力,进食 体力 +15%,进食 体力 +23%
13,1,3,亲近,好感,好感 +15%,好感 +23%
14,1,4,掩味巧手,掩味,被拒时反感 -65%；吃下时反感 -15,被拒时反感 -80%；吃下时反感 -23
21,2,1,利落刀工,耗时,耗时 -10%,耗时 -15%
22,2,2,暖心,抚慰,苦痛/恐怖/抑郁/反感 -15,苦痛/恐怖/抑郁/反感 -23
23,2,3,亲近,好感,好感 +15%,好感 +23%
24,2,4,掩味巧手,掩味,被拒时反感 -65%；吃下时反感 -15,被拒时反感 -80%；吃下时反感 -23
31,3,1,猛火快手,耗时,耗时 -10%,耗时 -15%
32,3,2,扎实,体力,进食 体力 +15%,进食 体力 +23%
33,3,3,亲近,好感,好感 +15%,好感 +23%
34,3,4,掩味巧手,掩味,被拒时反感 -65%；吃下时反感 -15,被拒时反感 -80%；吃下时反感 -23
41,4,1,猛火快手,耗时,耗时 -10%,耗时 -15%
42,4,2,扎实,体力,进食 体力 +15%,进食 体力 +23%
43,4,3,亲近,好感,好感 +15%,好感 +23%
44,4,4,掩味巧手,掩味,被拒时反感 -65%；吃下时反感 -15,被拒时反感 -80%；吃下时反感 -23
51,5,1,猛火快手,耗时,耗时 -10%,耗时 -15%
52,5,2,扎实,体力,进食 体力 +15%,进食 体力 +23%
53,5,3,开怀,抚慰,苦痛/恐怖/抑郁/反感 -15,苦痛/恐怖/抑郁/反感 -23
54,5,4,掩味巧手,掩味,被拒时反感 -65%；吃下时反感 -15,被拒时反感 -80%；吃下时反感 -23
61,6,1,利落快手,耗时,耗时 -10%,耗时 -15%
62,6,2,扎实,体力,进食 体力 +15%,进食 体力 +23%
63,6,3,亲近,好感,好感 +15%,好感 +23%
64,6,4,掩味巧手,掩味,被拒时反感 -65%；吃下时反感 -15,被拒时反感 -80%；吃下时反感 -23
71,7,1,利落刀工,耗时,耗时 -10%,耗时 -15%
72,7,2,扎实,体力,进食 体力 +15%,进食 体力 +23%
73,7,3,亲近,好感,好感 +15%,好感 +23%
74,7,4,掩味巧手,掩味,被拒时反感 -65%；吃下时反感 -15,被拒时反感 -80%；吃下时反感 -23
81,8,1,猛火快手,耗时,耗时 -10%,耗时 -15%
82,8,2,提神,气力,进食 气力 +15%,进食 气力 +23%
83,8,3,讨喜,好感,好感 +15%,好感 +23%
84,8,4,掩味巧手,掩味,被拒时反感 -65%；吃下时反感 -15,被拒时反感 -80%；吃下时反感 -23
91,9,1,猛火快手,耗时,耗时 -10%,耗时 -15%
92,9,2,扎实,体力,进食 体力 +15%,进食 体力 +23%
93,9,3,讨喜,好感,好感 +15%,好感 +23%
94,9,4,掩味巧手,掩味,被拒时反感 -65%；吃下时反感 -15,被拒时反感 -80%；吃下时反感 -23
101,10,1,猛火快手,耗时,耗时 -10%,耗时 -15%
102,10,2,扎实,体力,进食 体力 +15%,进食 体力 +23%
103,10,3,讨喜,好感,好感 +15%,好感 +23%
104,10,4,干制耐存,耐放,变质损耗减半,每日只掉 1 点
111,11,1,利落刀工,耗时,耗时 -10%,耗时 -15%
112,11,2,扎实,体力,进食 体力 +15%,进食 体力 +23%
113,11,3,亲近,好感,好感 +15%,好感 +23%
114,11,4,掩味巧手,掩味,被拒时反感 -65%；吃下时反感 -15,被拒时反感 -80%；吃下时反感 -23
121,12,1,火候老到,耗时,耗时 -10%,耗时 -15%
122,12,2,扎实,体力,进食 体力 +15%,进食 体力 +23%
123,12,3,可靠,信赖,信赖 +15%,信赖 +23%
124,12,4,干制耐存,耐放,变质损耗减半,每日只掉 1 点
131,13,1,火候老到,耗时,耗时 -10%,耗时 -15%
132,13,2,扎实,体力,进食 体力 +15%,进食 体力 +23%
133,13,3,开怀,抚慰,苦痛/恐怖/抑郁/反感 -15,苦痛/恐怖/抑郁/反感 -23
134,13,4,干制耐存,耐放,变质损耗减半,每日只掉 1 点
141,14,1,火候老到,耗时,耗时 -10%,耗时 -15%
142,14,2,暖心,抚慰,苦痛/恐怖/抑郁/反感 -15,苦痛/恐怖/抑郁/反感 -23
143,14,3,亲近,好感,好感 +15%,好感 +23%
144,14,4,干制耐存,耐放,变质损耗减半,每日只掉 1 点
151,15,1,火候老到,耗时,耗时 -10%,耗时 -15%
152,15,2,扎实,体力,进食 体力 +15%,进食 体力 +23%
153,15,3,亲近,好感,好感 +15%,好感 +23%
154,15,4,干制耐存,耐放,变质损耗减半,每日只掉 1 点
161,16,1,火候老到,耗时,耗时 -10%,耗时 -15%
162,16,2,提神,气力,进食 气力 +15%,进食 气力 +23%
163,16,3,开怀,抚慰,苦痛/恐怖/抑郁/反感 -15,苦痛/恐怖/抑郁/反感 -23
164,16,4,掩味巧手,掩味,被拒时反感 -65%；吃下时反感 -15,被拒时反感 -80%；吃下时反感 -23
171,17,1,火候老到,耗时,耗时 -10%,耗时 -15%
172,17,2,扎实,体力,进食 体力 +15%,进食 体力 +23%
173,17,3,亲近,好感,好感 +15%,好感 +23%
174,17,4,掩味巧手,掩味,被拒时反感 -65%；吃下时反感 -15,被拒时反感 -80%；吃下时反感 -23
181,18,1,火候老到,耗时,耗时 -10%,耗时 -15%
182,18,2,解乏,疲劳,疲劳 -15,疲劳 -23
183,18,3,讨喜,好感,好感 +15%,好感 +23%
184,18,4,掩味巧手,掩味,被拒时反感 -65%；吃下时反感 -15,被拒时反感 -80%；吃下时反感 -23
191,19,1,火候老到,耗时,耗时 -10%,耗时 -15%
192,19,2,扎实,体力,进食 体力 +15%,进食 体力 +23%
193,19,3,开怀,抚慰,苦痛/恐怖/抑郁/反感 -15,苦痛/恐怖/抑郁/反感 -23
194,19,4,掩味巧手,掩味,被拒时反感 -65%；吃下时反感 -15,被拒时反感 -80%；吃下时反感 -23
201,20,1,火候老到,耗时,耗时 -10%,耗时 -15%
202,20,2,提神,气力,进食 气力 +15%,进食 气力 +23%
203,20,3,讨喜,好感,好感 +15%,好感 +23%
204,20,4,掩味巧手,掩味,被拒时反感 -65%；吃下时反感 -15,被拒时反感 -80%；吃下时反感 -23
211,21,1,火候老到,耗时,耗时 -10%,耗时 -15%
212,21,2,扎实,体力,进食 体力 +15%,进食 体力 +23%
213,21,3,可靠,信赖,信赖 +15%,信赖 +23%
214,21,4,掩味巧手,掩味,被拒时反感 -65%；吃下时反感 -15,被拒时反感 -80%；吃下时反感 -23
221,22,1,火候老到,耗时,耗时 -10%,耗时 -15%
222,22,2,提神,气力,进食 气力 +15%,进食 气力 +23%
223,22,3,可靠,信赖,信赖 +15%,信赖 +23%
224,22,4,掩味巧手,掩味,被拒时反感 -65%；吃下时反感 -15,被拒时反感 -80%；吃下时反感 -23
231,23,1,猛火快手,耗时,耗时 -10%,耗时 -15%
232,23,2,扎实,体力,进食 体力 +15%,进食 体力 +23%
233,23,3,可靠,信赖,信赖 +15%,信赖 +23%
234,23,4,干制耐存,耐放,变质损耗减半,每日只掉 1 点
241,24,1,猛火快手,耗时,耗时 -10%,耗时 -15%
242,24,2,扎实,体力,进食 体力 +15%,进食 体力 +23%
243,24,3,讨喜,好感,好感 +15%,好感 +23%
244,24,4,掩味巧手,掩味,被拒时反感 -65%；吃下时反感 -15,被拒时反感 -80%；吃下时反感 -23
251,25,1,利落快手,耗时,耗时 -10%,耗时 -15%
252,25,2,扎实,体力,进食 体力 +15%,进食 体力 +23%
253,25,3,亲近,好感,好感 +15%,好感 +23%
254,25,4,掩味巧手,掩味,被拒时反感 -65%；吃下时反感 -15,被拒时反感 -80%；吃下时反感 -23
261,26,1,猛火快手,耗时,耗时 -10%,耗时 -15%
262,26,2,扎实,体力,进食 体力 +15%,进食 体力 +23%
263,26,3,亲近,好感,好感 +15%,好感 +23%
264,26,4,干制耐存,耐放,变质损耗减半,每日只掉 1 点
271,27,1,猛火快手,耗时,耗时 -10%,耗时 -15%
272,27,2,暖心,抚慰,苦痛/恐怖/抑郁/反感 -15,苦痛/恐怖/抑郁/反感 -23
273,27,3,讨喜,好感,好感 +15%,好感 +23%
274,27,4,掩味巧手,掩味,被拒时反感 -65%；吃下时反感 -15,被拒时反感 -80%；吃下时反感 -23
281,28,1,猛火快手,耗时,耗时 -10%,耗时 -15%
282,28,2,扎实,体力,进食 体力 +15%,进食 体力 +23%
283,28,3,开怀,抚慰,苦痛/恐怖/抑郁/反感 -15,苦痛/恐怖/抑郁/反感 -23
284,28,4,干制耐存,耐放,变质损耗减半,每日只掉 1 点
291,29,1,利落快手,耗时,耗时 -10%,耗时 -15%
292,29,2,扎实,体力,进食 体力 +15%,进食 体力 +23%
293,29,3,亲近,好感,好感 +15%,好感 +23%
294,29,4,掩味巧手,掩味,被拒时反感 -65%；吃下时反感 -15,被拒时反感 -80%；吃下时反感 -23
301,30,1,猛火快手,耗时,耗时 -10%,耗时 -15%
302,30,2,扎实,体力,进食 体力 +15%,进食 体力 +23%
303,30,3,开怀,抚慰,苦痛/恐怖/抑郁/反感 -15,苦痛/恐怖/抑郁/反感 -23
304,30,4,掩味巧手,掩味,被拒时反感 -65%；吃下时反感 -15,被拒时反感 -80%；吃下时反感 -23
311,31,1,猛火快手,耗时,耗时 -10%,耗时 -15%
312,31,2,扎实,体力,进食 体力 +15%,进食 体力 +23%
313,31,3,讨喜,好感,好感 +15%,好感 +23%
314,31,4,掩味巧手,掩味,被拒时反感 -65%；吃下时反感 -15,被拒时反感 -80%；吃下时反感 -23
321,32,1,火候老到,耗时,耗时 -10%,耗时 -15%
322,32,2,扎实,体力,进食 体力 +15%,进食 体力 +23%
323,32,3,亲近,好感,好感 +15%,好感 +23%
324,32,4,干制耐存,耐放,变质损耗减半,每日只掉 1 点
331,33,1,猛火快手,耗时,耗时 -10%,耗时 -15%
332,33,2,扎实,体力,进食 体力 +15%,进食 体力 +23%
333,33,3,开怀,抚慰,苦痛/恐怖/抑郁/反感 -15,苦痛/恐怖/抑郁/反感 -23
334,33,4,掩味巧手,掩味,被拒时反感 -65%；吃下时反感 -15,被拒时反感 -80%；吃下时反感 -23
341,34,1,火候老到,耗时,耗时 -10%,耗时 -15%
342,34,2,扎实,体力,进食 体力 +15%,进食 体力 +23%
343,34,3,讨喜,好感,好感 +15%,好感 +23%
344,34,4,干制耐存,耐放,变质损耗减半,每日只掉 1 点
351,35,1,猛火快手,耗时,耗时 -10%,耗时 -15%
352,35,2,扎实,体力,进食 体力 +15%,进食 体力 +23%
353,35,3,讨喜,好感,好感 +15%,好感 +23%
354,35,4,掩味巧手,掩味,被拒时反感 -65%；吃下时反感 -15,被拒时反感 -80%；吃下时反感 -23
361,36,1,猛火快手,耗时,耗时 -10%,耗时 -15%
362,36,2,扎实,体力,进食 体力 +15%,进食 体力 +23%
363,36,3,讨喜,好感,好感 +15%,好感 +23%
364,36,4,掩味巧手,掩味,被拒时反感 -65%；吃下时反感 -15,被拒时反感 -80%；吃下时反感 -23
371,37,1,猛火快手,耗时,耗时 -10%,耗时 -15%
372,37,2,暖心,抚慰,苦痛/恐怖/抑郁/反感 -15,苦痛/恐怖/抑郁/反感 -23
373,37,3,讨喜,好感,好感 +15%,好感 +23%
374,37,4,掩味巧手,掩味,被拒时反感 -65%；吃下时反感 -15,被拒时反感 -80%；吃下时反感 -23
381,38,1,猛火快手,耗时,耗时 -10%,耗时 -15%
382,38,2,扎实,体力,进食 体力 +15%,进食 体力 +23%
383,38,3,开怀,抚慰,苦痛/恐怖/抑郁/反感 -15,苦痛/恐怖/抑郁/反感 -23
384,38,4,掩味巧手,掩味,被拒时反感 -65%；吃下时反感 -15,被拒时反感 -80%；吃下时反感 -23
391,39,1,火候老到,耗时,耗时 -10%,耗时 -15%
392,39,2,扎实,体力,进食 体力 +15%,进食 体力 +23%
393,39,3,可靠,信赖,信赖 +15%,信赖 +23%
394,39,4,干制耐存,耐放,变质损耗减半,每日只掉 1 点
401,40,1,猛火快手,耗时,耗时 -10%,耗时 -15%
402,40,2,扎实,体力,进食 体力 +15%,进食 体力 +23%
403,40,3,亲近,好感,好感 +15%,好感 +23%
404,40,4,掩味巧手,掩味,被拒时反感 -65%；吃下时反感 -15,被拒时反感 -80%；吃下时反感 -23
411,41,1,火候老到,耗时,耗时 -10%,耗时 -15%
412,41,2,暖心,抚慰,苦痛/恐怖/抑郁/反感 -15,苦痛/恐怖/抑郁/反感 -23
413,41,3,亲近,好感,好感 +15%,好感 +23%
414,41,4,干制耐存,耐放,变质损耗减半,每日只掉 1 点
421,42,1,利落刀工,耗时,耗时 -10%,耗时 -15%
422,42,2,暖心,抚慰,苦痛/恐怖/抑郁/反感 -15,苦痛/恐怖/抑郁/反感 -23
423,42,3,亲近,好感,好感 +15%,好感 +23%
424,42,4,掩味巧手,掩味,被拒时反感 -65%；吃下时反感 -15,被拒时反感 -80%；吃下时反感 -23
431,43,1,猛火快手,耗时,耗时 -10%,耗时 -15%
432,43,2,扎实,体力,进食 体力 +15%,进食 体力 +23%
433,43,3,亲近,好感,好感 +15%,好感 +23%
434,43,4,干制耐存,耐放,变质损耗减半,每日只掉 1 点
441,44,1,火候老到,耗时,耗时 -10%,耗时 -15%
442,44,2,提神,气力,进食 气力 +15%,进食 气力 +23%
443,44,3,可靠,信赖,信赖 +15%,信赖 +23%
444,44,4,掩味巧手,掩味,被拒时反感 -65%；吃下时反感 -15,被拒时反感 -80%；吃下时反感 -23
451,45,1,利落快手,耗时,耗时 -10%,耗时 -15%
452,45,2,扎实,体力,进食 体力 +15%,进食 体力 +23%
453,45,3,亲近,好感,好感 +15%,好感 +23%
454,45,4,掩味巧手,掩味,被拒时反感 -65%；吃下时反感 -15,被拒时反感 -80%；吃下时反感 -23
461,46,1,火候老到,耗时,耗时 -10%,耗时 -15%
462,46,2,扎实,体力,进食 体力 +15%,进食 体力 +23%
463,46,3,亲近,好感,好感 +15%,好感 +23%
464,46,4,掩味巧手,掩味,被拒时反感 -65%；吃下时反感 -15,被拒时反感 -80%；吃下时反感 -23
471,47,1,猛火快手,耗时,耗时 -10%,耗时 -15%
472,47,2,解乏,疲劳,疲劳 -15,疲劳 -23
473,47,3,讨喜,好感,好感 +15%,好感 +23%
474,47,4,掩味巧手,掩味,被拒时反感 -65%；吃下时反感 -15,被拒时反感 -80%；吃下时反感 -23
481,48,1,火候老到,耗时,耗时 -10%,耗时 -15%
482,48,2,扎实,体力,进食 体力 +15%,进食 体力 +23%
483,48,3,可靠,信赖,信赖 +15%,信赖 +23%
484,48,4,干制耐存,耐放,变质损耗减半,每日只掉 1 点
491,49,1,利落刀工,耗时,耗时 -10%,耗时 -15%
492,49,2,暖心,抚慰,苦痛/恐怖/抑郁/反感 -15,苦痛/恐怖/抑郁/反感 -23
493,49,3,亲近,好感,好感 +15%,好感 +23%
494,49,4,掩味巧手,掩味,被拒时反感 -65%；吃下时反感 -15,被拒时反感 -80%；吃下时反感 -23
501,50,1,猛火快手,耗时,耗时 -10%,耗时 -15%
502,50,2,扎实,体力,进食 体力 +15%,进食 体力 +23%
503,50,3,可靠,信赖,信赖 +15%,信赖 +23%
504,50,4,掩味巧手,掩味,被拒时反感 -65%；吃下时反感 -15,被拒时反感 -80%；吃下时反感 -23
511,51,1,猛火快手,耗时,耗时 -10%,耗时 -15%
512,51,2,扎实,体力,进食 体力 +15%,进食 体力 +23%
513,51,3,可靠,信赖,信赖 +15%,信赖 +23%
514,51,4,掩味巧手,掩味,被拒时反感 -65%；吃下时反感 -15,被拒时反感 -80%；吃下时反感 -23
521,52,1,火候老到,耗时,耗时 -10%,耗时 -15%
522,52,2,暖心,抚慰,苦痛/恐怖/抑郁/反感 -15,苦痛/恐怖/抑郁/反感 -23
523,52,3,可靠,信赖,信赖 +15%,信赖 +23%
524,52,4,干制耐存,耐放,变质损耗减半,每日只掉 1 点
531,53,1,利落刀工,耗时,耗时 -10%,耗时 -15%
532,53,2,扎实,体力,进食 体力 +15%,进食 体力 +23%
533,53,3,亲近,好感,好感 +15%,好感 +23%
534,53,4,干制耐存,耐放,变质损耗减半,每日只掉 1 点
541,54,1,火候老到,耗时,耗时 -10%,耗时 -15%
542,54,2,扎实,体力,进食 体力 +15%,进食 体力 +23%
543,54,3,亲近,好感,好感 +15%,好感 +23%
544,54,4,干制耐存,耐放,变质损耗减半,每日只掉 1 点
551,55,1,猛火快手,耗时,耗时 -10%,耗时 -15%
552,55,2,扎实,体力,进食 体力 +15%,进食 体力 +23%
553,55,3,讨喜,好感,好感 +15%,好感 +23%
554,55,4,掩味巧手,掩味,被拒时反感 -65%；吃下时反感 -15,被拒时反感 -80%；吃下时反感 -23
561,56,1,猛火快手,耗时,耗时 -10%,耗时 -15%
562,56,2,扎实,体力,进食 体力 +15%,进食 体力 +23%
563,56,3,开怀,抚慰,苦痛/恐怖/抑郁/反感 -15,苦痛/恐怖/抑郁/反感 -23
564,56,4,掩味巧手,掩味,被拒时反感 -65%；吃下时反感 -15,被拒时反感 -80%；吃下时反感 -23
571,57,1,猛火快手,耗时,耗时 -10%,耗时 -15%
572,57,2,解乏,疲劳,疲劳 -15,疲劳 -23
573,57,3,开怀,抚慰,苦痛/恐怖/抑郁/反感 -15,苦痛/恐怖/抑郁/反感 -23
574,57,4,掩味巧手,掩味,被拒时反感 -65%；吃下时反感 -15,被拒时反感 -80%；吃下时反感 -23
581,58,1,猛火快手,耗时,耗时 -10%,耗时 -15%
582,58,2,扎实,体力,进食 体力 +15%,进食 体力 +23%
583,58,3,可靠,信赖,信赖 +15%,信赖 +23%
584,58,4,掩味巧手,掩味,被拒时反感 -65%；吃下时反感 -15,被拒时反感 -80%；吃下时反感 -23
591,59,1,猛火快手,耗时,耗时 -10%,耗时 -15%
592,59,2,扎实,体力,进食 体力 +15%,进食 体力 +23%
593,59,3,讨喜,好感,好感 +15%,好感 +23%
594,59,4,掩味巧手,掩味,被拒时反感 -65%；吃下时反感 -15,被拒时反感 -80%；吃下时反感 -23
601,60,1,猛火快手,耗时,耗时 -10%,耗时 -15%
602,60,2,提神,气力,进食 气力 +15%,进食 气力 +23%
603,60,3,讨喜,好感,好感 +15%,好感 +23%
604,60,4,掩味巧手,掩味,被拒时反感 -65%；吃下时反感 -15,被拒时反感 -80%；吃下时反感 -23
611,61,1,火候老到,耗时,耗时 -10%,耗时 -15%
612,61,2,提神,气力,进食 气力 +15%,进食 气力 +23%
613,61,3,讨喜,好感,好感 +15%,好感 +23%
614,61,4,干制耐存,耐放,变质损耗减半,每日只掉 1 点
621,62,1,猛火快手,耗时,耗时 -10%,耗时 -15%
622,62,2,解乏,疲劳,疲劳 -15,疲劳 -23
623,62,3,讨喜,好感,好感 +15%,好感 +23%
624,62,4,干制耐存,耐放,变质损耗减半,每日只掉 1 点
631,63,1,火候老到,耗时,耗时 -10%,耗时 -15%
632,63,2,提神,气力,进食 气力 +15%,进食 气力 +23%
633,63,3,讨喜,好感,好感 +15%,好感 +23%
634,63,4,掩味巧手,掩味,被拒时反感 -65%；吃下时反感 -15,被拒时反感 -80%；吃下时反感 -23
641,64,1,火候老到,耗时,耗时 -10%,耗时 -15%
642,64,2,提神,气力,进食 气力 +15%,进食 气力 +23%
643,64,3,讨喜,好感,好感 +15%,好感 +23%
644,64,4,掩味巧手,掩味,被拒时反感 -65%；吃下时反感 -15,被拒时反感 -80%；吃下时反感 -23
651,65,1,火候老到,耗时,耗时 -10%,耗时 -15%
652,65,2,提神,气力,进食 气力 +15%,进食 气力 +23%
653,65,3,讨喜,好感,好感 +15%,好感 +23%
654,65,4,掩味巧手,掩味,被拒时反感 -65%；吃下时反感 -15,被拒时反感 -80%；吃下时反感 -23
661,66,1,猛火快手,耗时,耗时 -10%,耗时 -15%
662,66,2,提神,气力,进食 气力 +15%,进食 气力 +23%
663,66,3,讨喜,好感,好感 +15%,好感 +23%
664,66,4,掩味巧手,掩味,被拒时反感 -65%；吃下时反感 -15,被拒时反感 -80%；吃下时反感 -23
671,67,1,火候老到,耗时,耗时 -10%,耗时 -15%
672,67,2,提神,气力,进食 气力 +15%,进食 气力 +23%
673,67,3,讨喜,好感,好感 +15%,好感 +23%
674,67,4,干制耐存,耐放,变质损耗减半,每日只掉 1 点
681,68,1,火候老到,耗时,耗时 -10%,耗时 -15%
682,68,2,提神,气力,进食 气力 +15%,进食 气力 +23%
683,68,3,讨喜,好感,好感 +15%,好感 +23%
684,68,4,掩味巧手,掩味,被拒时反感 -65%；吃下时反感 -15,被拒时反感 -80%；吃下时反感 -23
691,69,1,猛火快手,耗时,耗时 -10%,耗时 -15%
692,69,2,扎实,体力,进食 体力 +15%,进食 体力 +23%
693,69,3,亲近,好感,好感 +15%,好感 +23%
694,69,4,干制耐存,耐放,变质损耗减半,每日只掉 1 点
701,70,1,猛火快手,耗时,耗时 -10%,耗时 -15%
702,70,2,提神,气力,进食 气力 +15%,进食 气力 +23%
703,70,3,亲近,好感,好感 +15%,好感 +23%
704,70,4,掩味巧手,掩味,被拒时反感 -65%；吃下时反感 -15,被拒时反感 -80%；吃下时反感 -23
711,71,1,猛火快手,耗时,耗时 -10%,耗时 -15%
712,71,2,扎实,体力,进食 体力 +15%,进食 体力 +23%
713,71,3,可靠,信赖,信赖 +15%,信赖 +23%
714,71,4,干制耐存,耐放,变质损耗减半,每日只掉 1 点
721,72,1,火候老到,耗时,耗时 -10%,耗时 -15%
722,72,2,提神,气力,进食 气力 +15%,进食 气力 +23%
723,72,3,开怀,抚慰,苦痛/恐怖/抑郁/反感 -15,苦痛/恐怖/抑郁/反感 -23
724,72,4,掩味巧手,掩味,被拒时反感 -65%；吃下时反感 -15,被拒时反感 -80%；吃下时反感 -23
731,73,1,火候老到,耗时,耗时 -10%,耗时 -15%
732,73,2,提神,气力,进食 气力 +15%,进食 气力 +23%
733,73,3,亲近,好感,好感 +15%,好感 +23%
734,73,4,掩味巧手,掩味,被拒时反感 -65%；吃下时反感 -15,被拒时反感 -80%；吃下时反感 -23
741,74,1,猛火快手,耗时,耗时 -10%,耗时 -15%
742,74,2,提神,气力,进食 气力 +15%,进食 气力 +23%
743,74,3,亲近,好感,好感 +15%,好感 +23%
744,74,4,掩味巧手,掩味,被拒时反感 -65%；吃下时反感 -15,被拒时反感 -80%；吃下时反感 -23
751,75,1,火候老到,耗时,耗时 -10%,耗时 -15%
752,75,2,提神,气力,进食 气力 +15%,进食 气力 +23%
753,75,3,讨喜,好感,好感 +15%,好感 +23%
754,75,4,掩味巧手,掩味,被拒时反感 -65%；吃下时反感 -15,被拒时反感 -80%；吃下时反感 -23
761,76,1,火候老到,耗时,耗时 -10%,耗时 -15%
762,76,2,提神,气力,进食 气力 +15%,进食 气力 +23%
763,76,3,讨喜,好感,好感 +15%,好感 +23%
764,76,4,掩味巧手,掩味,被拒时反感 -65%；吃下时反感 -15,被拒时反感 -80%；吃下时反感 -23
771,77,1,火候老到,耗时,耗时 -10%,耗时 -15%
772,77,2,提神,气力,进食 气力 +15%,进食 气力 +23%
773,77,3,讨喜,好感,好感 +15%,好感 +23%
774,77,4,干制耐存,耐放,变质损耗减半,每日只掉 1 点
811,81,1,利落刀工,耗时,耗时 -10%,耗时 -15%
812,81,2,扎实,体力,进食 体力 +15%,进食 体力 +23%
813,81,3,开怀,抚慰,苦痛/恐怖/抑郁/反感 -15,苦痛/恐怖/抑郁/反感 -23
814,81,4,掩味巧手,掩味,被拒时反感 -65%；吃下时反感 -15,被拒时反感 -80%；吃下时反感 -23
821,82,1,猛火快手,耗时,耗时 -10%,耗时 -15%
822,82,2,扎实,体力,进食 体力 +15%,进食 体力 +23%
823,82,3,开怀,抚慰,苦痛/恐怖/抑郁/反感 -15,苦痛/恐怖/抑郁/反感 -23
824,82,4,掩味巧手,掩味,被拒时反感 -65%；吃下时反感 -15,被拒时反感 -80%；吃下时反感 -23
831,83,1,利落快手,耗时,耗时 -10%,耗时 -15%
832,83,2,扎实,体力,进食 体力 +15%,进食 体力 +23%
833,83,3,讨喜,好感,好感 +15%,好感 +23%
834,83,4,掩味巧手,掩味,被拒时反感 -65%；吃下时反感 -15,被拒时反感 -80%；吃下时反感 -23
841,84,1,利落刀工,耗时,耗时 -10%,耗时 -15%
842,84,2,暖心,抚慰,苦痛/恐怖/抑郁/反感 -15,苦痛/恐怖/抑郁/反感 -23
843,84,3,亲近,好感,好感 +15%,好感 +23%
844,84,4,掩味巧手,掩味,被拒时反感 -65%；吃下时反感 -15,被拒时反感 -80%；吃下时反感 -23
851,85,1,猛火快手,耗时,耗时 -10%,耗时 -15%
852,85,2,扎实,体力,进食 体力 +15%,进食 体力 +23%
853,85,3,可靠,信赖,信赖 +15%,信赖 +23%
854,85,4,掩味巧手,掩味,被拒时反感 -65%；吃下时反感 -15,被拒时反感 -80%；吃下时反感 -23
861,86,1,猛火快手,耗时,耗时 -10%,耗时 -15%
862,86,2,扎实,体力,进食 体力 +15%,进食 体力 +23%
863,86,3,亲近,好感,好感 +15%,好感 +23%
864,86,4,掩味巧手,掩味,被拒时反感 -65%；吃下时反感 -15,被拒时反感 -80%；吃下时反感 -23
871,87,1,猛火快手,耗时,耗时 -10%,耗时 -15%
872,87,2,提神,气力,进食 气力 +15%,进食 气力 +23%
873,87,3,讨喜,好感,好感 +15%,好感 +23%
874,87,4,掩味巧手,掩味,被拒时反感 -65%；吃下时反感 -15,被拒时反感 -80%；吃下时反感 -23
881,88,1,猛火快手,耗时,耗时 -10%,耗时 -15%
882,88,2,解乏,疲劳,疲劳 -15,疲劳 -23
883,88,3,可靠,信赖,信赖 +15%,信赖 +23%
884,88,4,掩味巧手,掩味,被拒时反感 -65%；吃下时反感 -15,被拒时反感 -80%；吃下时反感 -23
891,89,1,利落刀工,耗时,耗时 -10%,耗时 -15%
892,89,2,扎实,体力,进食 体力 +15%,进食 体力 +23%
893,89,3,开怀,抚慰,苦痛/恐怖/抑郁/反感 -15,苦痛/恐怖/抑郁/反感 -23
894,89,4,掩味巧手,掩味,被拒时反感 -65%；吃下时反感 -15,被拒时反感 -80%；吃下时反感 -23
901,90,1,猛火快手,耗时,耗时 -10%,耗时 -15%
902,90,2,提神,气力,进食 气力 +15%,进食 气力 +23%
903,90,3,讨喜,好感,好感 +15%,好感 +23%
904,90,4,掩味巧手,掩味,被拒时反感 -65%；吃下时反感 -15,被拒时反感 -80%；吃下时反感 -23
911,91,1,猛火快手,耗时,耗时 -10%,耗时 -15%
912,91,2,解乏,疲劳,疲劳 -15,疲劳 -23
913,91,3,开怀,抚慰,苦痛/恐怖/抑郁/反感 -15,苦痛/恐怖/抑郁/反感 -23
914,91,4,掩味巧手,掩味,被拒时反感 -65%；吃下时反感 -15,被拒时反感 -80%；吃下时反感 -23
921,92,1,火候老到,耗时,耗时 -10%,耗时 -15%
922,92,2,提神,气力,进食 气力 +15%,进食 气力 +23%
923,92,3,讨喜,好感,好感 +15%,好感 +23%
924,92,4,掩味巧手,掩味,被拒时反感 -65%；吃下时反感 -15,被拒时反感 -80%；吃下时反感 -23
931,93,1,利落刀工,耗时,耗时 -10%,耗时 -15%
932,93,2,扎实,体力,进食 体力 +15%,进食 体力 +23%
933,93,3,可靠,信赖,信赖 +15%,信赖 +23%
934,93,4,掩味巧手,掩味,被拒时反感 -65%；吃下时反感 -15,被拒时反感 -80%；吃下时反感 -23
941,94,1,利落刀工,耗时,耗时 -10%,耗时 -15%
942,94,2,提神,气力,进食 气力 +15%,进食 气力 +23%
943,94,3,可靠,信赖,信赖 +15%,信赖 +23%
944,94,4,干制耐存,耐放,变质损耗减半,每日只掉 1 点
951,95,1,火候老到,耗时,耗时 -10%,耗时 -15%
952,95,2,解乏,疲劳,疲劳 -15,疲劳 -23
953,95,3,亲近,好感,好感 +15%,好感 +23%
954,95,4,干制耐存,耐放,变质损耗减半,每日只掉 1 点
961,96,1,利落刀工,耗时,耗时 -10%,耗时 -15%
962,96,2,扎实,体力,进食 体力 +15%,进食 体力 +23%
963,96,3,开怀,抚慰,苦痛/恐怖/抑郁/反感 -15,苦痛/恐怖/抑郁/反感 -23
964,96,4,掩味巧手,掩味,被拒时反感 -65%；吃下时反感 -15,被拒时反感 -80%；吃下时反感 -23
971,97,1,猛火快手,耗时,耗时 -10%,耗时 -15%
972,97,2,暖心,抚慰,苦痛/恐怖/抑郁/反感 -15,苦痛/恐怖/抑郁/反感 -23
973,97,3,亲近,好感,好感 +15%,好感 +23%
974,97,4,掩味巧手,掩味,被拒时反感 -65%；吃下时反感 -15,被拒时反感 -80%；吃下时反感 -23
981,98,1,猛火快手,耗时,耗时 -10%,耗时 -15%
982,98,2,扎实,体力,进食 体力 +15%,进食 体力 +23%
983,98,3,开怀,抚慰,苦痛/恐怖/抑郁/反感 -15,苦痛/恐怖/抑郁/反感 -23
984,98,4,掩味巧手,掩味,被拒时反感 -65%；吃下时反感 -15,被拒时反感 -80%；吃下时反感 -23
991,99,1,猛火快手,耗时,耗时 -10%,耗时 -15%
992,99,2,扎实,体力,进食 体力 +15%,进食 体力 +23%
993,99,3,开怀,抚慰,苦痛/恐怖/抑郁/反感 -15,苦痛/恐怖/抑郁/反感 -23
994,99,4,掩味巧手,掩味,被拒时反感 -65%；吃下时反感 -15,被拒时反感 -80%；吃下时反感 -23
1001,100,1,利落刀工,耗时,耗时 -10%,耗时 -15%
1002,100,2,扎实,体力,进食 体力 +15%,进食 体力 +23%
1003,100,3,可靠,信赖,信赖 +15%,信赖 +23%
1004,100,4,掩味巧手,掩味,被拒时反感 -65%；吃下时反感 -15,被拒时反感 -80%；吃下时反感 -23
1011,101,1,利落刀工,耗时,耗时 -10%,耗时 -15%
1012,101,2,扎实,体力,进食 体力 +15%,进食 体力 +23%
1013,101,3,讨喜,好感,好感 +15%,好感 +23%
1014,101,4,掩味巧手,掩味,被拒时反感 -65%；吃下时反感 -15,被拒时反感 -80%；吃下时反感 -23
1021,102,1,猛火快手,耗时,耗时 -10%,耗时 -15%
1022,102,2,扎实,体力,进食 体力 +15%,进食 体力 +23%
1023,102,3,亲近,好感,好感 +15%,好感 +23%
1024,102,4,掩味巧手,掩味,被拒时反感 -65%；吃下时反感 -15,被拒时反感 -80%；吃下时反感 -23
1031,103,1,火候老到,耗时,耗时 -10%,耗时 -15%
1032,103,2,提神,气力,进食 气力 +15%,进食 气力 +23%
1033,103,3,亲近,好感,好感 +15%,好感 +23%
1034,103,4,掩味巧手,掩味,被拒时反感 -65%；吃下时反感 -15,被拒时反感 -80%；吃下时反感 -23
1041,104,1,利落刀工,耗时,耗时 -10%,耗时 -15%
1042,104,2,扎实,体力,进食 体力 +15%,进食 体力 +23%
1043,104,3,可靠,信赖,信赖 +15%,信赖 +23%
1044,104,4,掩味巧手,掩味,被拒时反感 -65%；吃下时反感 -15,被拒时反感 -80%；吃下时反感 -23
1051,105,1,火候老到,耗时,耗时 -10%,耗时 -15%
1052,105,2,扎实,体力,进食 体力 +15%,进食 体力 +23%
1053,105,3,讨喜,好感,好感 +15%,好感 +23%
1054,105,4,干制耐存,耐放,变质损耗减半,每日只掉 1 点
1061,106,1,猛火快手,耗时,耗时 -10%,耗时 -15%
1062,106,2,扎实,体力,进食 体力 +15%,进食 体力 +23%
1063,106,3,开怀,抚慰,苦痛/恐怖/抑郁/反感 -15,苦痛/恐怖/抑郁/反感 -23
1064,106,4,掩味巧手,掩味,被拒时反感 -65%；吃下时反感 -15,被拒时反感 -80%；吃下时反感 -23
1071,107,1,火候老到,耗时,耗时 -10%,耗时 -15%
1072,107,2,提神,气力,进食 气力 +15%,进食 气力 +23%
1073,107,3,开怀,抚慰,苦痛/恐怖/抑郁/反感 -15,苦痛/恐怖/抑郁/反感 -23
1074,107,4,干制耐存,耐放,变质损耗减半,每日只掉 1 点
1081,108,1,火候老到,耗时,耗时 -10%,耗时 -15%
1082,108,2,提神,气力,进食 气力 +15%,进食 气力 +23%
1083,108,3,亲近,好感,好感 +15%,好感 +23%
1084,108,4,干制耐存,耐放,变质损耗减半,每日只掉 1 点
1091,109,1,火候老到,耗时,耗时 -10%,耗时 -15%
1092,109,2,提神,气力,进食 气力 +15%,进食 气力 +23%
1093,109,3,开怀,抚慰,苦痛/恐怖/抑郁/反感 -15,苦痛/恐怖/抑郁/反感 -23
1094,109,4,干制耐存,耐放,变质损耗减半,每日只掉 1 点
1101,110,1,火候老到,耗时,耗时 -10%,耗时 -15%
1102,110,2,提神,气力,进食 气力 +15%,进食 气力 +23%
1103,110,3,亲近,好感,好感 +15%,好感 +23%
1104,110,4,干制耐存,耐放,变质损耗减半,每日只掉 1 点
1111,111,1,利落刀工,耗时,耗时 -10%,耗时 -15%
1112,111,2,扎实,体力,进食 体力 +15%,进食 体力 +23%
1113,111,3,亲近,好感,好感 +15%,好感 +23%
1114,111,4,掩味巧手,掩味,被拒时反感 -65%；吃下时反感 -15,被拒时反感 -80%；吃下时反感 -23
1121,112,1,利落快手,耗时,耗时 -10%,耗时 -15%
1122,112,2,扎实,体力,进食 体力 +15%,进食 体力 +23%
1123,112,3,亲近,好感,好感 +15%,好感 +23%
1124,112,4,掩味巧手,掩味,被拒时反感 -65%；吃下时反感 -15,被拒时反感 -80%；吃下时反感 -23
1131,113,1,利落快手,耗时,耗时 -10%,耗时 -15%
1132,113,2,扎实,体力,进食 体力 +15%,进食 体力 +23%
1133,113,3,亲近,好感,好感 +15%,好感 +23%
1134,113,4,掩味巧手,掩味,被拒时反感 -65%；吃下时反感 -15,被拒时反感 -80%；吃下时反感 -23
1211,121,1,火候老到,耗时,耗时 -10%,耗时 -15%
1212,121,2,提神,气力,进食 气力 +15%,进食 气力 +23%
1213,121,3,讨喜,好感,好感 +15%,好感 +23%
1214,121,4,干制耐存,耐放,变质损耗减半,每日只掉 1 点
1221,122,1,火候老到,耗时,耗时 -10%,耗时 -15%
1222,122,2,提神,气力,进食 气力 +15%,进食 气力 +23%
1223,122,3,讨喜,好感,好感 +15%,好感 +23%
1224,122,4,干制耐存,耐放,变质损耗减半,每日只掉 1 点
1231,123,1,火候老到,耗时,耗时 -10%,耗时 -15%
1232,123,2,扎实,体力,进食 体力 +15%,进食 体力 +23%
1233,123,3,讨喜,好感,好感 +15%,好感 +23%
1234,123,4,掩味巧手,掩味,被拒时反感 -65%；吃下时反感 -15,被拒时反感 -80%；吃下时反感 -23
1241,124,1,火候老到,耗时,耗时 -10%,耗时 -15%
1242,124,2,扎实,体力,进食 体力 +15%,进食 体力 +23%
1243,124,3,讨喜,好感,好感 +15%,好感 +23%
1244,124,4,掩味巧手,掩味,被拒时反感 -65%；吃下时反感 -15,被拒时反感 -80%；吃下时反感 -23
1251,125,1,火候老到,耗时,耗时 -10%,耗时 -15%
1252,125,2,提神,气力,进食 气力 +15%,进食 气力 +23%
1253,125,3,亲近,好感,好感 +15%,好感 +23%
1254,125,4,干制耐存,耐放,变质损耗减半,每日只掉 1 点
1261,126,1,火候老到,耗时,耗时 -10%,耗时 -15%
1262,126,2,暖心,抚慰,苦痛/恐怖/抑郁/反感 -15,苦痛/恐怖/抑郁/反感 -23
1263,126,3,亲近,好感,好感 +15%,好感 +23%
1264,126,4,干制耐存,耐放,变质损耗减半,每日只掉 1 点
1271,127,1,火候老到,耗时,耗时 -10%,耗时 -15%
1272,127,2,提神,气力,进食 气力 +15%,进食 气力 +23%
1273,127,3,可靠,信赖,信赖 +15%,信赖 +23%
1274,127,4,干制耐存,耐放,变质损耗减半,每日只掉 1 点
1281,128,1,火候老到,耗时,耗时 -10%,耗时 -15%
1282,128,2,扎实,体力,进食 体力 +15%,进食 体力 +23%
1283,128,3,亲近,好感,好感 +15%,好感 +23%
1284,128,4,掩味巧手,掩味,被拒时反感 -65%；吃下时反感 -15,被拒时反感 -80%；吃下时反感 -23
1291,129,1,火候老到,耗时,耗时 -10%,耗时 -15%
1292,129,2,提神,气力,进食 气力 +15%,进食 气力 +23%
1293,129,3,亲近,好感,好感 +15%,好感 +23%
1294,129,4,掩味巧手,掩味,被拒时反感 -65%；吃下时反感 -15,被拒时反感 -80%；吃下时反感 -23
1301,130,1,火候老到,耗时,耗时 -10%,耗时 -15%
1302,130,2,扎实,体力,进食 体力 +15%,进食 体力 +23%
1303,130,3,讨喜,好感,好感 +15%,好感 +23%
1304,130,4,掩味巧手,掩味,被拒时反感 -65%；吃下时反感 -15,被拒时反感 -80%；吃下时反感 -23
1311,131,1,火候老到,耗时,耗时 -10%,耗时 -15%
1312,131,2,扎实,体力,进食 体力 +15%,进食 体力 +23%
1313,131,3,开怀,抚慰,苦痛/恐怖/抑郁/反感 -15,苦痛/恐怖/抑郁/反感 -23
1314,131,4,掩味巧手,掩味,被拒时反感 -65%；吃下时反感 -15,被拒时反感 -80%；吃下时反感 -23
1321,132,1,火候老到,耗时,耗时 -10%,耗时 -15%
1322,132,2,扎实,体力,进食 体力 +15%,进食 体力 +23%
1323,132,3,亲近,好感,好感 +15%,好感 +23%
1324,132,4,干制耐存,耐放,变质损耗减半,每日只掉 1 点
1331,133,1,火候老到,耗时,耗时 -10%,耗时 -15%
1332,133,2,提神,气力,进食 气力 +15%,进食 气力 +23%
1333,133,3,亲近,好感,好感 +15%,好感 +23%
1334,133,4,干制耐存,耐放,变质损耗减半,每日只掉 1 点
2011,201,1,利落刀工,耗时,耗时 -10%,耗时 -15%
2012,201,2,提神,气力,进食 气力 +15%,进食 气力 +23%
2013,201,3,亲近,好感,好感 +15%,好感 +23%
2014,201,4,掩味巧手,掩味,被拒时反感 -65%；吃下时反感 -15,被拒时反感 -80%；吃下时反感 -23
2021,202,1,火候老到,耗时,耗时 -10%,耗时 -15%
2022,202,2,扎实,体力,进食 体力 +15%,进食 体力 +23%
2023,202,3,亲近,好感,好感 +15%,好感 +23%
2024,202,4,干制耐存,耐放,变质损耗减半,每日只掉 1 点
2031,203,1,猛火快手,耗时,耗时 -10%,耗时 -15%
2032,203,2,扎实,体力,进食 体力 +15%,进食 体力 +23%
2033,203,3,亲近,好感,好感 +15%,好感 +23%
2034,203,4,干制耐存,耐放,变质损耗减半,每日只掉 1 点
2041,204,1,利落刀工,耗时,耗时 -10%,耗时 -15%
2042,204,2,提神,气力,进食 气力 +15%,进食 气力 +23%
2043,204,3,亲近,好感,好感 +15%,好感 +23%
2044,204,4,掩味巧手,掩味,被拒时反感 -65%；吃下时反感 -15,被拒时反感 -80%；吃下时反感 -23
2051,205,1,火候老到,耗时,耗时 -10%,耗时 -15%
2052,205,2,扎实,体力,进食 体力 +15%,进食 体力 +23%
2053,205,3,亲近,好感,好感 +15%,好感 +23%
2054,205,4,干制耐存,耐放,变质损耗减半,每日只掉 1 点
2061,206,1,猛火快手,耗时,耗时 -10%,耗时 -15%
2062,206,2,扎实,体力,进食 体力 +15%,进食 体力 +23%
2063,206,3,亲近,好感,好感 +15%,好感 +23%
2064,206,4,掩味巧手,掩味,被拒时反感 -65%；吃下时反感 -15,被拒时反感 -80%；吃下时反感 -23
2071,207,1,猛火快手,耗时,耗时 -10%,耗时 -15%
2072,207,2,扎实,体力,进食 体力 +15%,进食 体力 +23%
2073,207,3,亲近,好感,好感 +15%,好感 +23%
2074,207,4,掩味巧手,掩味,被拒时反感 -65%；吃下时反感 -15,被拒时反感 -80%；吃下时反感 -23
2081,208,1,猛火快手,耗时,耗时 -10%,耗时 -15%
2082,208,2,扎实,体力,进食 体力 +15%,进食 体力 +23%
2083,208,3,开怀,抚慰,苦痛/恐怖/抑郁/反感 -15,苦痛/恐怖/抑郁/反感 -23
2084,208,4,掩味巧手,掩味,被拒时反感 -65%；吃下时反感 -15,被拒时反感 -80%；吃下时反感 -23
2091,209,1,火候老到,耗时,耗时 -10%,耗时 -15%
2092,209,2,扎实,体力,进食 体力 +15%,进食 体力 +23%
2093,209,3,亲近,好感,好感 +15%,好感 +23%
2094,209,4,干制耐存,耐放,变质损耗减半,每日只掉 1 点
2101,210,1,猛火快手,耗时,耗时 -10%,耗时 -15%
2102,210,2,扎实,体力,进食 体力 +15%,进食 体力 +23%
2103,210,3,亲近,好感,好感 +15%,好感 +23%
2104,210,4,掩味巧手,掩味,被拒时反感 -65%；吃下时反感 -15,被拒时反感 -80%；吃下时反感 -23
2111,211,1,火候老到,耗时,耗时 -10%,耗时 -15%
2112,211,2,扎实,体力,进食 体力 +15%,进食 体力 +23%
2113,211,3,亲近,好感,好感 +15%,好感 +23%
2114,211,4,干制耐存,耐放,变质损耗减半,每日只掉 1 点
2121,212,1,火候老到,耗时,耗时 -10%,耗时 -15%
2122,212,2,扎实,体力,进食 体力 +15%,进食 体力 +23%
2123,212,3,亲近,好感,好感 +15%,好感 +23%
2124,212,4,干制耐存,耐放,变质损耗减半,每日只掉 1 点
2131,213,1,猛火快手,耗时,耗时 -10%,耗时 -15%
2132,213,2,提神,气力,进食 气力 +15%,进食 气力 +23%
2133,213,3,开怀,抚慰,苦痛/恐怖/抑郁/反感 -15,苦痛/恐怖/抑郁/反感 -23
2134,213,4,掩味巧手,掩味,被拒时反感 -65%；吃下时反感 -15,被拒时反感 -80%；吃下时反感 -23
2141,214,1,火候老到,耗时,耗时 -10%,耗时 -15%
2142,214,2,扎实,体力,进食 体力 +15%,进食 体力 +23%
2143,214,3,亲近,好感,好感 +15%,好感 +23%
2144,214,4,干制耐存,耐放,变质损耗减半,每日只掉 1 点
2151,215,1,火候老到,耗时,耗时 -10%,耗时 -15%
2152,215,2,解乏,疲劳,疲劳 -15,疲劳 -23
2153,215,3,亲近,好感,好感 +15%,好感 +23%
2154,215,4,干制耐存,耐放,变质损耗减半,每日只掉 1 点
2161,216,1,火候老到,耗时,耗时 -10%,耗时 -15%
2162,216,2,解乏,疲劳,疲劳 -15,疲劳 -23
2163,216,3,亲近,好感,好感 +15%,好感 +23%
2164,216,4,干制耐存,耐放,变质损耗减半,每日只掉 1 点
2171,217,1,火候老到,耗时,耗时 -10%,耗时 -15%
2172,217,2,扎实,体力,进食 体力 +15%,进食 体力 +23%
2173,217,3,亲近,好感,好感 +15%,好感 +23%
2174,217,4,干制耐存,耐放,变质损耗减半,每日只掉 1 点
2181,218,1,猛火快手,耗时,耗时 -10%,耗时 -15%
2182,218,2,扎实,体力,进食 体力 +15%,进食 体力 +23%
2183,218,3,亲近,好感,好感 +15%,好感 +23%
2184,218,4,掩味巧手,掩味,被拒时反感 -65%；吃下时反感 -15,被拒时反感 -80%；吃下时反感 -23
2191,219,1,火候老到,耗时,耗时 -10%,耗时 -15%
2192,219,2,提神,气力,进食 气力 +15%,进食 气力 +23%
2193,219,3,亲近,好感,好感 +15%,好感 +23%
2194,219,4,干制耐存,耐放,变质损耗减半,每日只掉 1 点
2201,220,1,火候老到,耗时,耗时 -10%,耗时 -15%
2202,220,2,解乏,疲劳,疲劳 -15,疲劳 -23
2203,220,3,亲近,好感,好感 +15%,好感 +23%
2204,220,4,干制耐存,耐放,变质损耗减半,每日只掉 1 点
2211,221,1,火候老到,耗时,耗时 -10%,耗时 -15%
2212,221,2,扎实,体力,进食 体力 +15%,进食 体力 +23%
2213,221,3,亲近,好感,好感 +15%,好感 +23%
2214,221,4,干制耐存,耐放,变质损耗减半,每日只掉 1 点
2221,222,1,火候老到,耗时,耗时 -10%,耗时 -15%
2222,222,2,扎实,体力,进食 体力 +15%,进食 体力 +23%
2223,222,3,亲近,好感,好感 +15%,好感 +23%
2224,222,4,干制耐存,耐放,变质损耗减半,每日只掉 1 点
2231,223,1,火候老到,耗时,耗时 -10%,耗时 -15%
2232,223,2,扎实,体力,进食 体力 +15%,进食 体力 +23%
2233,223,3,亲近,好感,好感 +15%,好感 +23%
2234,223,4,干制耐存,耐放,变质损耗减半,每日只掉 1 点
2241,224,1,火候老到,耗时,耗时 -10%,耗时 -15%
2242,224,2,扎实,体力,进食 体力 +15%,进食 体力 +23%
2243,224,3,亲近,好感,好感 +15%,好感 +23%
2244,224,4,干制耐存,耐放,变质损耗减半,每日只掉 1 点
2251,225,1,火候老到,耗时,耗时 -10%,耗时 -15%
2252,225,2,解乏,疲劳,疲劳 -15,疲劳 -23
2253,225,3,可靠,信赖,信赖 +15%,信赖 +23%
2254,225,4,干制耐存,耐放,变质损耗减半,每日只掉 1 点
2261,226,1,火候老到,耗时,耗时 -10%,耗时 -15%
2262,226,2,扎实,体力,进食 体力 +15%,进食 体力 +23%
2263,226,3,亲近,好感,好感 +15%,好感 +23%
2264,226,4,干制耐存,耐放,变质损耗减半,每日只掉 1 点
2271,227,1,猛火快手,耗时,耗时 -10%,耗时 -15%
2272,227,2,扎实,体力,进食 体力 +15%,进食 体力 +23%
2273,227,3,亲近,好感,好感 +15%,好感 +23%
2274,227,4,掩味巧手,掩味,被拒时反感 -65%；吃下时反感 -15,被拒时反感 -80%；吃下时反感 -23
2281,228,1,火候老到,耗时,耗时 -10%,耗时 -15%
2282,228,2,扎实,体力,进食 体力 +15%,进食 体力 +23%
2283,228,3,讨喜,好感,好感 +15%,好感 +23%
2284,228,4,干制耐存,耐放,变质损耗减半,每日只掉 1 点
2291,229,1,火候老到,耗时,耗时 -10%,耗时 -15%
2292,229,2,扎实,体力,进食 体力 +15%,进食 体力 +23%
2293,229,3,可靠,信赖,信赖 +15%,信赖 +23%
2294,229,4,干制耐存,耐放,变质损耗减半,每日只掉 1 点
2301,230,1,火候老到,耗时,耗时 -10%,耗时 -15%
2302,230,2,提神,气力,进食 气力 +15%,进食 气力 +23%
2303,230,3,讨喜,好感,好感 +15%,好感 +23%
2304,230,4,掩味巧手,掩味,被拒时反感 -65%；吃下时反感 -15,被拒时反感 -80%；吃下时反感 -23
2311,231,1,火候老到,耗时,耗时 -10%,耗时 -15%
2312,231,2,扎实,体力,进食 体力 +15%,进食 体力 +23%
2313,231,3,可靠,信赖,信赖 +15%,信赖 +23%
2314,231,4,干制耐存,耐放,变质损耗减半,每日只掉 1 点
2321,232,1,火候老到,耗时,耗时 -10%,耗时 -15%
2322,232,2,扎实,体力,进食 体力 +15%,进食 体力 +23%
2323,232,3,开怀,抚慰,苦痛/恐怖/抑郁/反感 -15,苦痛/恐怖/抑郁/反感 -23
2324,232,4,干制耐存,耐放,变质损耗减半,每日只掉 1 点
2331,233,1,火候老到,耗时,耗时 -10%,耗时 -15%
2332,233,2,解乏,疲劳,疲劳 -15,疲劳 -23
2333,233,3,讨喜,好感,好感 +15%,好感 +23%
2334,233,4,干制耐存,耐放,变质损耗减半,每日只掉 1 点
2341,234,1,火候老到,耗时,耗时 -10%,耗时 -15%
2342,234,2,扎实,体力,进食 体力 +15%,进食 体力 +23%
2343,234,3,亲近,好感,好感 +15%,好感 +23%
2344,234,4,干制耐存,耐放,变质损耗减半,每日只掉 1 点
2351,235,1,火候老到,耗时,耗时 -10%,耗时 -15%
2352,235,2,提神,气力,进食 气力 +15%,进食 气力 +23%
2353,235,3,讨喜,好感,好感 +15%,好感 +23%
2354,235,4,干制耐存,耐放,变质损耗减半,每日只掉 1 点
2361,236,1,火候老到,耗时,耗时 -10%,耗时 -15%
2362,236,2,扎实,体力,进食 体力 +15%,进食 体力 +23%
2363,236,3,亲近,好感,好感 +15%,好感 +23%
2364,236,4,干制耐存,耐放,变质损耗减半,每日只掉 1 点
2371,237,1,火候老到,耗时,耗时 -10%,耗时 -15%
2372,237,2,提神,气力,进食 气力 +15%,进食 气力 +23%
2373,237,3,亲近,好感,好感 +15%,好感 +23%
2374,237,4,干制耐存,耐放,变质损耗减半,每日只掉 1 点
2381,238,1,火候老到,耗时,耗时 -10%,耗时 -15%
2382,238,2,扎实,体力,进食 体力 +15%,进食 体力 +23%
2383,238,3,讨喜,好感,好感 +15%,好感 +23%
2384,238,4,干制耐存,耐放,变质损耗减半,每日只掉 1 点
2391,239,1,火候老到,耗时,耗时 -10%,耗时 -15%
2392,239,2,扎实,体力,进食 体力 +15%,进食 体力 +23%
2393,239,3,可靠,信赖,信赖 +15%,信赖 +23%
2394,239,4,干制耐存,耐放,变质损耗减半,每日只掉 1 点
2401,240,1,猛火快手,耗时,耗时 -10%,耗时 -15%
2402,240,2,扎实,体力,进食 体力 +15%,进食 体力 +23%
2403,240,3,开怀,抚慰,苦痛/恐怖/抑郁/反感 -15,苦痛/恐怖/抑郁/反感 -23
2404,240,4,掩味巧手,掩味,被拒时反感 -65%；吃下时反感 -15,被拒时反感 -80%；吃下时反感 -23
2411,241,1,火候老到,耗时,耗时 -10%,耗时 -15%
2412,241,2,扎实,体力,进食 体力 +15%,进食 体力 +23%
2413,241,3,亲近,好感,好感 +15%,好感 +23%
2414,241,4,干制耐存,耐放,变质损耗减半,每日只掉 1 点
2421,242,1,猛火快手,耗时,耗时 -10%,耗时 -15%
2422,242,2,扎实,体力,进食 体力 +15%,进食 体力 +23%
2423,242,3,开怀,抚慰,苦痛/恐怖/抑郁/反感 -15,苦痛/恐怖/抑郁/反感 -23
2424,242,4,掩味巧手,掩味,被拒时反感 -65%；吃下时反感 -15,被拒时反感 -80%；吃下时反感 -23
2431,243,1,猛火快手,耗时,耗时 -10%,耗时 -15%
2432,243,2,扎实,体力,进食 体力 +15%,进食 体力 +23%
2433,243,3,可靠,信赖,信赖 +15%,信赖 +23%
2434,243,4,掩味巧手,掩味,被拒时反感 -65%；吃下时反感 -15,被拒时反感 -80%；吃下时反感 -23
9991,999,1,火候老到,耗时,耗时 -10%,耗时 -15%
9992,999,2,提神,气力,进食 气力 +15%,进食 气力 +23%
9993,999,3,亲近,好感,好感 +15%,好感 +23%
9994,999,4,掩味巧手,掩味,被拒时反感 -65%；吃下时反感 -15,被拒时反感 -80%；吃下时反感 -23
10011,1001,1,利落快手,耗时,耗时 -10%,耗时 -15%
10012,1001,2,扎实,体力,进食 体力 +15%,进食 体力 +23%
10013,1001,3,亲近,好感,好感 +15%,好感 +23%
10014,1001,4,掩味巧手,掩味,被拒时反感 -65%；吃下时反感 -15,被拒时反感 -80%；吃下时反感 -23
90011,9001,1,火候老到,耗时,耗时 -10%,耗时 -15%
90012,9001,2,解乏,疲劳,疲劳 -15,疲劳 -23
90013,9001,3,亲近,好感,好感 +15%,好感 +23%
90014,9001,4,干制耐存,耐放,变质损耗减半,每日只掉 1 点
90021,9002,1,火候老到,耗时,耗时 -10%,耗时 -15%
90022,9002,2,解乏,疲劳,疲劳 -15,疲劳 -23
90023,9002,3,讨喜,好感,好感 +15%,好感 +23%
90024,9002,4,干制耐存,耐放,变质损耗减半,每日只掉 1 点
90031,9003,1,火候老到,耗时,耗时 -10%,耗时 -15%
90032,9003,2,解乏,疲劳,疲劳 -15,疲劳 -23
90033,9003,3,可靠,信赖,信赖 +15%,信赖 +23%
90034,9003,4,干制耐存,耐放,变质损耗减半,每日只掉 1 点
90041,9004,1,火候老到,耗时,耗时 -10%,耗时 -15%
90042,9004,2,解乏,疲劳,疲劳 -15,疲劳 -23
90043,9004,3,可靠,信赖,信赖 +15%,信赖 +23%
90044,9004,4,干制耐存,耐放,变质损耗减半,每日只掉 1 点
90051,9005,1,火候老到,耗时,耗时 -10%,耗时 -15%
90052,9005,2,扎实,体力,进食 体力 +15%,进食 体力 +23%
90053,9005,3,开怀,抚慰,苦痛/恐怖/抑郁/反感 -15,苦痛/恐怖/抑郁/反感 -23
90054,9005,4,干制耐存,耐放,变质损耗减半,每日只掉 1 点
90061,9006,1,火候老到,耗时,耗时 -10%,耗时 -15%
90062,9006,2,提神,气力,进食 气力 +15%,进食 气力 +23%
90063,9006,3,讨喜,好感,好感 +15%,好感 +23%
90064,9006,4,干制耐存,耐放,变质损耗减半,每日只掉 1 点
90071,9007,1,火候老到,耗时,耗时 -10%,耗时 -15%
90072,9007,2,解乏,疲劳,疲劳 -15,疲劳 -23
90073,9007,3,讨喜,好感,好感 +15%,好感 +23%
90074,9007,4,干制耐存,耐放,变质损耗减半,每日只掉 1 点
90081,9008,1,火候老到,耗时,耗时 -10%,耗时 -15%
90082,9008,2,提神,气力,进食 气力 +15%,进食 气力 +23%
90083,9008,3,可靠,信赖,信赖 +15%,信赖 +23%
90084,9008,4,干制耐存,耐放,变质损耗减半,每日只掉 1 点
90091,9009,1,火候老到,耗时,耗时 -10%,耗时 -15%
90092,9009,2,解乏,疲劳,疲劳 -15,疲劳 -23
90093,9009,3,开怀,抚慰,苦痛/恐怖/抑郁/反感 -15,苦痛/恐怖/抑郁/反感 -23
90094,9009,4,干制耐存,耐放,变质损耗减半,每日只掉 1 点
90101,9010,1,火候老到,耗时,耗时 -10%,耗时 -15%
90102,9010,2,提神,气力,进食 气力 +15%,进食 气力 +23%
90103,9010,3,亲近,好感,好感 +15%,好感 +23%
90104,9010,4,干制耐存,耐放,变质损耗减半,每日只掉 1 点
