cid,food_id,stage,question,correct_answer,wrong_answer_1,wrong_answer_2,wrong_answer_3
问题cid,食物id,烹饪阶段,问题内容,正确答案,错误答案1,错误答案2,错误答案3
int,int,str,str,str,str,str,str
0,0,0,1,1,1,1,1
莱塔尼亚乐章晚宴烹饪问题库,,,,,,,
9004001,9004,备料,十二道菜要像乐章一样依次登场，备料怎么分？,按上菜顺序分段备料，每道只做两口份量,一次全做完摆满长桌,每道都做成大盆，进行曲不需要精致,塑心：「先给我一份总谱。」于是她照着乐谱分配了备料
9004002,9004,备料,乐声炙烤肉排的肉要选什么部位？,选厚薄一致的中段肉排，便于统一控火,随意挑一块，反正靠乐声救场,选最薄的一块以缩短时间,交给煌——她把整块肉连同砧板一起锯开了
9004003,9004,备料,镜面釉汤冻要透亮，备料关键在？,清汤吊好后过滤三遍再凝冻,用浓汤直接凝冻,加面粉帮助成型,干脆让刻俄柏尝一口，她说这样最好
9004004,9004,备料,黑麦酸面包的酸种怎么备？,酸种提前三天喂养到起泡活跃,现用现调，加点醋凑酸味,用酵母粉一次性发起来,可露希尔：「我这儿有现成的酸种，加钱。」
9004005,9004,备料,音乐速烤萃取酯的肉要怎么备？,修净筋膜后封进低温箱预处理,切块后直接下锅,用盐腌一夜再低温,谁会用真空机？塑心说她只要把肉放进琴盒就行
9004006,9004,备料,沙哈蛋糕的杏酱层怎么备？,杏酱熬到挂勺，冷却后再抹,用果酱直接抹上,趁热抹让层次融合,让能天使抹一层，她把整罐都倒上了
9004007,9004,备料,姜饼的面团要放什么？,蜂蜜与香料揉匀后冷藏松弛,现揉现烤,只放面粉与糖,早露用尺子量香料，一份花了十分钟
9004008,9004,备料,银盘香煎鳞排要怎么备？,鳞排擦干、皮面划刀防卷,带水下锅以求嫩,先腌两小时再煎,交给银器组？可露希尔说银盘按小时出租
9004009,9004,备料,加料维也纳咖啡的豆子怎么备？,中深烘豆现磨，粉量按杯数称,提前磨好放一天更香,用速溶粉替代,塑心把咖啡豆倒进了她的乐器箱
9004010,9004,备料,气泡矿泉水要冰到什么程度？,冰镇到八度左右，不加冰避免稀释,冰到结冰碴,常温上桌即可,霜星把整瓶冻成了冰坨
9004011,9004,烹饪,乐声炙烤肉排的火候怎么随乐走？,随乐句强弱调整火力，收尾前静置,全程最大火烤到焦香,一直小火慢慢烤,要是交给塑心，她会用大提琴弓翻动肉排
9004012,9004,烹饪,莱塔尼亚浓汤鲜萃怎么浓缩？,小火慢收至挂勺，中途撇净浮沫,大火猛收省时间,加面粉增稠,干脆把整锅汤倒进离心机里，可露希尔说这样最快
9004013,9004,烹饪,镜面釉汤冻怎么保持透亮？,低温慢凝，全程不搅动,反复搅拌以防结块,冷藏前先煮沸一次,请霜星把汤冻成一块冰砖
9004014,9004,烹饪,银盘香煎鳞排怎么煎才不卷？,皮面朝下压住煎定型再翻面,先煎肉面后煎皮面,用高油温快速炸透,交给煌——她用喷灯把鳞排烤成了炭
9004015,9004,烹饪,黑麦酸面包怎么烤？,高温带蒸汽入炉，出炉敲底听声,低温慢烤四十分钟,反复开炉门查看,塑心：「听音色就知道熟了。」
9004016,9004,烹饪,红酒炖羽兽腿怎么做？,红酒先收干再加汤，小火炖到脱骨,酒与汤一起下锅久炖,用大火快速收汁,让W把整瓶烈酒倒了进去，说这样才够味
9004017,9004,烹饪,音乐速烤萃取酯怎么收尾？,低温慢煮后极温上色，立刻上桌,一直低温不用上色,煮好后放凉再上,刻俄柏守着锅，说能吃就是熟了
9004018,9004,烹饪,姜饼怎么烤才不回软？,低温慢烤至干脆，冷却后密封回软两天,高温快烤到焦脆,烤好后立刻装盒密封,真理一边看书一边把姜饼烤成了炭
9004019,9004,烹饪,加料维也纳咖啡的奶油怎么上？,维也纳咖啡的奶油要浮在杯口，不搅匀,奶油与咖啡一起煮,用力搅匀让奶油融合,能天使：「奶油归我。」于是全挖走了
9004020,9004,烹饪,沙哈蛋糕的巧克力层怎么烤？,分次薄烤，每层冷却后再叠,一次倒满模具烤,烤到表面裂开即可,塑心把蛋糕当成了定音鼓
9004021,9004,调味,乐章晚宴的调味分寸怎么拿？,以清汤与香草点出本味，咸酸只作和声,十种香料全放一遍,按指挥手势决定放多少盐,谁敢说塑心定不了味？她当场谱了一段
9004022,9004,调味,浓汤鲜萃的鲜味靠什么？,靠长时间熬出的本味，只补少量盐,加味精堆鲜,用酱油提鲜上色,请蓝毒滴两滴，她说这样更鲜
9004023,9004,调味,镜面釉汤冻的底味怎么定？,汤底调味要比平时略淡，凝冻后味会集中,调得比平时更咸,不加任何调味,让刻俄柏尝一口，她说太淡了
9004024,9004,调味,香煎鳞排的调味怎么做？,煎好后挤柠檬、撒海盐与香草,煎前用重酱腌透,出锅淋上浓酱盖味,交给可露希尔——她按调味包收费
9004025,9004,调味,红酒炖菜的咸度什么时候定？,收汁后再定咸度,一开始就放足盐,靠红酒本身的咸味,要是让塑心来定，她会按乐章强弱分批下盐
9004026,9004,调味,沙哈蛋糕的甜度怎么控？,靠杏酱的酸平衡巧克力甜,加糖粉压住杏酱的酸,用白巧克力替代黑巧,能天使：「还不够甜。」于是整罐糖进了面糊
9004027,9004,调味,姜饼的香料怎么配？,肉桂、丁香、姜按比例配，宁少勿多,香料加倍以求浓郁,只用肉桂一种,谁会把整罐丁香倒进面里？早露说这样够香
9004028,9004,调味,皇家利口酒的甜度？,靠基酒本身回甘，只补少量糖浆,加大量糖浆做成甜酒,用蜂蜜完全替代糖,干脆把整瓶糖浆倒了进去，可露希尔说这样才好卖
9004029,9004,调味,加料维也纳咖啡要不要搅？,奶油浮面不搅，喝的时候自然融合,上桌先搅匀,加奶后打发成奶泡,塑心把咖啡当调音器摇了一通
9004030,9004,调味,气泡矿泉水要不要调味？,保持原味，用它清口,加糖浆做成汽水,加柠檬片泡整瓶,请诗怀雅换成进口气泡水，账单记博士
9004031,9004,装盘,十二道菜按什么顺序上？,按乐章顺序，由淡到浓再到收尾,一次全部上齐,从最贵的开始上,交给塑心，她说必须按总谱来
9004032,9004,装盘,镜面釉汤冻怎么摆才像镜子？,脱模后置于浅盘，配银勺与清汤少许,直接扣在深盘里,淋上酱汁增加光泽,让夕把汤冻画在纸上端上去
9004033,9004,装盘,乐声炙烤的肉排怎么切？,逆纹切厚片，切面朝上摆成扇形,顺纹切薄片,切成小块混在配菜里,煌把肉排连盘子一起锯成了两半
9004034,9004,装盘,银盘怎么用才对？,银盘预热后上菜，保持温度不烫手,直接从冷柜取出上菜,用银盘装冷点,可露希尔说银盘按小时计费，劝你先签合同
9004035,9004,装盘,沙哈蛋糕怎么切？,热刀切、每切一刀擦净刀面,冷刀硬切,用勺子挖着分,交给刻俄柏，她抱着整块啃了一口
9004036,9004,装盘,姜饼怎么摆盘？,单层摆放，配奶油或果酱小碟,堆成一座塔,全部串成一串,真理按书页厚度给姜饼排了序
9004037,9004,装盘,加料维也纳咖啡怎么端？,杯置碟上，勺柄朝右，奶油浮面端上,端着杯子一路小跑,提前倒好放凉,星熊用扩音器喊「全体起立，举杯」
9004038,9004,装盘,气泡矿泉水怎么上？,整瓶上桌现开现倒，配高脚杯,提前倒好放气,用大碗倒满,塔露拉把整瓶当酒干了
9004039,9004,装盘,长桌的银器怎么排？,按使用顺序由外向内摆，先用的在外,全部堆在餐盘一侧,按大小排成一列,早露用量角器校正每件餐具的角度
9004040,9004,装盘,收尾甜点怎么上？,甜点与咖啡同时上，配水清口,甜点最先上,甜点与主菜一起上,阿米娅：「按议程表上甜点。」
9004041,9004,调味_精液,想把调味料掺进这桌，前提是什么？,只给同意的人单独备那份浓汤,掺进整锅浓汤里,抹在整盘姜饼上,可露希尔：「加料是增值服务，先付款。」
9004042,9004,调味_精液,这桌最不显眼的位置是？,混进浓汤或深色红酒汁里,掺进清亮的镜面釉汤冻,抹在白色的奶油上,干脆让刻俄柏先尝一口，她说看不出来
9004043,9004,调味_精液,压住气味靠什么？,借香草与红酒的浓味盖住,加大量糖做成甜口,兑清水稀释到几乎无味,请蓝毒顺手再滴两滴
9004044,9004,调味_精液,怎么判断搅匀了？,舀一勺浓汤看质地是否一致,端到灯下照盘底,完全不作检查直接上桌,交给凯尔希取样送检，出一份报告
9004045,9004,调味_精液,对象正在用餐时应当怎么做？,等其离席，只动属于他的那份汤冻,趁热倒进公用汤锅,当面加进他的盘里,塑心：「这是一段间奏。」说完自己先喝了一口
9004046,9004,调味_精液,席上有人只喝气泡水，载体怎么选？,用其本人那瓶气泡水单独处理,掺进整箱气泡水里,掺进公用的咖啡壶,干脆把全桌的杯子都处理一遍，W说反正都要喝
9004047,9004,调味_精液,有人尝出异样，正确的做法是？,当场说明，把那杯咖啡撤下,说是红酒换了年份,反过来说对方味觉迟钝,可露希尔：「退您一份服务费。」
9004048,9004,调味_精液,事后怎么清理？,那只盘与银餐具单独清洗归位,与公用餐具混在一起收,把剩下的倒回汤锅,德克萨斯把餐具和烟头一起扔了
9004049,9004,调味_精液,这桌最适合的载体是？,味道浓、颜色深的汤或红酒汁,清澈的镜面釉汤冻,白色的奶油,干脆让刻俄柏挑一个她爱吃的
9004050,9004,调味_精液,多人席面的备量怎么定？,只备对象那一份，别沾到公用浓汤,按全桌人数统一备,一次备满整锅留到下次,可露希尔按全舰人数下单，账记博士
9004051,9004,装盘_精液,在甜点上做点缀，合适的做法是？,只给目标那份，仿奶油在沙哈蛋糕上裱一笔,给整盘姜饼统一抹一遍,给每块蛋糕都点上,能天使：「我来裱花。」满盘都是苹果
9004052,9004,装盘_精液,想看着像正常配料，可模仿？,奶油或巧克力酱那种深色流线,抹在清澈的气泡矿泉水表面,混进透明的汤冻里,干脆买可露希尔的银色糖珠盖住
9004053,9004,装盘_精液,给多人席面做点缀时应当怎么做？,只动目标那份沙哈蛋糕，其余照原样,整桌统一处理免得被发现,先给主位那桌都点上,拉普兰德端着盘子说谁抢到算谁的
9004054,9004,装盘_精液,点缀结了块怎么处理？,用一勺温咖啡把结块调开,直接带块抹在姜饼上,撒糖粉把结块盖住,让刻俄柏把结块挑出来自己吃掉
9004055,9004,装盘_精液,这桌哪一份最适合承载？,沙哈蛋糕或加料咖啡这类深色甜品,滚烫的浓汤鲜萃,刚煎好的鳞排,煌：「高温杀菌。」于是淋在了滚着的汤上
9004056,9004,装盘_精液,为了不被旁人误食，放置方式是？,单独摆在目标那只银盘里,放在公用点心盘中央,抹在每块姜饼上,干脆在碟边插一面小旗，诗怀雅说这样好认
9004057,9004,装盘_精液,目标不吃甜点，正确的做法是？,不硬掺进对方不吃的银盘菜里,掺进对方最讨厌的那份,只掺进对方唯一爱喝的东西,交给芙蓉做一份苦瓜健康餐端过去
9004058,9004,装盘_精液,全桌按乐章上菜时怎么处理？,出餐前先把目标那份汤冻单独做完,在乐团面前演示一遍,把处理过的那份摆在长桌正中,交给塑心，她说按总谱顺序端上去
9004059,9004,装盘_精液,量与位置通常应当怎么把握？,少量、勾一小笔与酱汁走势一致,在菜面正中挤上明显一堆,从高处淋下拉出丝来,干脆用裱花枪打满整盘，煌说够醒目
9004060,9004,装盘_精液,事后怎么清理工具？,裱花袋与银盘分开洗，不混进公用餐具,用同一块布擦过继续用,与公用餐具堆在一起,煌把裱花袋和琴弦一起锯了
9004061,9004,调味_药物,在这桌用药物调味，前提是什么？,只对明确同意的对象，按最低量放进浓汤里,只要不被发现就随意加,为了让对方睡过去而加大剂量,可露希尔：「签字，付费，再谈。」
9004062,9004,调味_药物,多人席面上调味的范围是？,只动对象那份汤冻,掺进公用的浓汤,撒在整盘姜饼上,谁敢反对塑心按乐章分批下药？她说这叫渐强
9004063,9004,调味_药物,剂量怎么把握？,按对方体质与当晚状态取量,越多见效越快,随手一勺全凭手感,交给烈夏凭手感，她说估摸着来就行
9004064,9004,调味_药物,载体怎么选？,味道浓的红酒汁或浓汤,清澈的气泡矿泉水,桌上的白开水,请蓝毒按化学配比挑一个
9004065,9004,调味_药物,对方出现不适时应当怎么做？,立刻停掉那杯咖啡并照看对方,当作没看见继续用餐,用更多菜掩盖症状,芙蓉：「吃这个马上缓解。」端上了健康餐
9004066,9004,调味_药物,用安眠类处理后，正确的做法是？,让对方在乐池外安静处休息，并留人照看,趁其昏睡任意处置,把人单独留在乐池边,星熊先做个笔录，说这样就算交代了
9004067,9004,调味_药物,不能逾越的底线是什么？,对方点头才行，不能扰了这桌的安宁,只要结果好过程无所谓,只要没被发现就行,不如让可露希尔买份保险兜底
9004068,9004,调味_药物,对方事后追问，应当怎么回答？,说清掺在那杯咖啡里，当场撤下,推说是红酒的问题,嫁祸给同席的其他人,交给拉普兰德出面解释，越解释越乱
9004069,9004,调味_药物,混进哪种载体最容易被尝出来？,清澈的气泡矿泉水,浓稠的浓汤鲜萃,味道浓重的红酒汁,刻俄柏尝了一口，说尝不出来
9004070,9004,调味_药物,为避免误食，桌上应当怎么安排？,那份汤冻单独标记并单独放,与公用菜放在同一个转盘上,让全桌自己猜哪份有问题,把标记写成莱塔尼亚新配方，可露希尔说这样好卖
9004071,9004,调味_母乳,以母乳调味，卫生前提是什么？,用洗净的银器盛装并冷藏,直接用手捧着端上桌,装进没洗过的旧壶,可露希尔：「贴张已消毒的标签，就算合规。」
9004072,9004,调味_母乳,加入后更容易被接受的是哪一份？,加料咖啡这类带奶香的,清澈的气泡矿泉水,咸味明显的香煎鳞排,干脆端给刻俄柏先尝尝，她说不够甜
9004073,9004,调味_母乳,这桌哪一份最适合承载？,加料咖啡或沙哈蛋糕这类乳香或甜品,无糖的黑麦酸面包,咸味的红酒炖肉,蓝毒用烧杯按比例调了一份
9004074,9004,调味_母乳,为了不破坏本味，用量怎么掌握？,先点一点进咖啡，尝过再补,一次倒完整份以求浓郁,完全替代原有的奶油,交给凯尔希按毫升定量，她说要精确
9004075,9004,调味_母乳,卫生红线是什么？,那只银器只归一个人用，不拿回乐池边温,用公用的大勺反复舀取,常温敞放一整天再用,干脆用乐池的火炉煮沸两个小时，煌说这样才杀菌
9004076,9004,调味_母乳,多人席面上使用的前提是？,对方点头后，只给他那份汤冻单独备,掺进整壶加料咖啡里,抹在整盘姜饼上,塑心：「这是乐曲的终章。」
9004077,9004,调味_母乳,对方不习惯这种味道时怎么办？,不合口味就算了，别劝那杯咖啡,掺进对方最喜欢的饮品里,骗对方说是莱塔尼亚传统配方,交给可露希尔贴上莱塔尼亚特供的标签
9004078,9004,调味_母乳,这桌哪一份最不适合承载？,咸味突出的红酒炖肉与香煎鳞排,浓稠的加料咖啡,甜口的沙哈蛋糕,刻俄柏：「我什么都能吃。」
9004079,9004,调味_母乳,从保存到上桌的时间怎么安排？,放冷藏，上桌前才从冰室取出,提前两小时摆在餐台上,温在乐池边随时取用,干脆放在烛台边温着，芙蓉说这样最省事
9004080,9004,调味_母乳,事后的清理应当怎么做？,把银器单独洗净，并如实说明,与公用壶混放,把剩余部分倒回奶油罐,交给煌——连容器一起锯了当废铁
